﻿Reg Action name,Path,Name,PropertyType,Value
Advertising ID,HKUDefaultUser:\SOFTWARE\Microsoft\Windows\CurrentVersion\AdvertisingInfo,Enabled,DWord,0
Change Explorer Default View,HKUDefaultUser:\Software\Microsoft\Windows\CurrentVersion\Explorer\Advanced,LaunchTo,DWord,0x00000001
Cursor Blink,HKUDefaultUser:\Control Panel\Desktop,CursorBlinkRate,DWord,1
Cursor Blink Rate,HKUDefaultUser:\Control Panel\Desktop,CursorBlinkRate,String,-1
Default Printer,HKUDefaultUser:\SOFTWARE\Microsoft\Windows NT\CurrentVersion\Windows,LegacyDefaultPrinterMode,DWord,1
Devices Autoplay,HKUDefaultUser:\Software\Microsoft\Windows\CurrentVersion\Explorer\AutoplayHandlers,DisableAutoplay,DWord,0x00000001
Disable Hardware Acceleration (GPU Rendering) for Microsoft Internet Explorer,HKUDefaultUser:\Software\Microsoft\Internet Explorer\Main,UseSWRender,DWord,0x00000001
Disable Hardware Acceleration (GPU Rendering) for Microsoft Office 2010,HKUDefaultUser:\Software\Microsoft\Office\14.0\Gfx,DisableHardware,DWord,0x00000001
Disable Hardware Acceleration (GPU Rendering) for Microsoft Office 2016/2013,HKUDefaultUser:\Software\Microsoft\Office\15.0\Common\Graphics,DisableHardwareAcceleration,DWord,0x00000001
Feedback,HKUDefaultUser:\SOFTWARE\Microsoft\Siuf\Rules,NumberOfSIUFInPeriod,DWord,0x00000000
Lock Screen Title Migrate,HKUDefaultUser:\SOFTWARE\Microsoft\Windows\CurrentVersion\Lock Screen,TileMigrated,DWord,0
Most used apps,HKUDefaultUser:\Software\Microsoft\Windows\CurrentVersion\Explorer\Advanced,Start_TrackProgs,DWord,0x00000000
On Screen Keyboard - Key Stroke Delay,HKUDefaultUser:\SOFTWARE\Microsoft\Osk,KeystrokeDelay,DWord,0
On Screen Keyboard - First Repeat Delay,HKUDefaultUser:\SOFTWARE\Microsoft\Osk,FirstRepeatDelay,DWord,0
On Screen Keyboard - Next Repeat Delay,HKUDefaultUser:\SOFTWARE\Microsoft\Osk,NextRepeatDelay,DWord,0
Pocket Outlook Object Module(POOM) - Work Result,HKUDefaultUser:\SOFTWARE\Microsoft\Poom\Indexing,WorkResult,DWord,0
Pocket Outlook Object Module(POOM) - Run Cookie,HKUDefaultUser:\SOFTWARE\Microsoft\Poom\Indexing,RunCookie,DWord,1
Preview Desktop,HKUDefaultUser:\SOFTWARE\Microsoft\Windows\CurrentVersion\Explorer\Advanced,DisablePreviewDesktop,DWord,1
Recent Items,HKUDefaultUser:\Software\Microsoft\Windows\CurrentVersion\Explorer\Advanced,Start_TrackDocs,DWord,0x00000000
Reduce Menu Show Delay,HKUDefaultUser:\Control Panel\Desktop,MenuShowDelay,String,120
RSS Feeds - Disable,HKUDefaultUser:\Software\Microsoft\Feeds,SyncStatus,DWord,0x0
Search Engine - Disable,HKUDefaultUser:\SOFTWARE\Microsoft\Windows\CurrentVersion\Search,BingSearchEnabled,DWord,0x00000000
Set Default Wallpaper,HKUDefaultUser:\Software\Microsoft\Windows\CurrentVersion\Policies\System,Wallpaper,String, 
Show me tips about windows,HKUDefaultUser:\SOFTWARE\Microsoft\Windows\CurrentVersion\ContentDeliveryManager,SoftLandingEnabled,DWord,0
SmartScreen ,HKUDefaultUser:\SOFTWARE\Microsoft\Windows\CurrentVersion\AppHost,EnableWebContentEvaluation,DWord,0
"Speech,inking,&typing setting - Implicit Ink Collection",HKUDefaultUser:\SOFTWARE\Microsoft\InputPersonalization,RestrictImplicitInkCollection,DWord,1
"Speech,inking,&typing setting - Implicit Text Collection",HKUDefaultUser:\SOFTWARE\Microsoft\InputPersonalization,RestrictImplicitTextCollection,DWord,1
"Speech,inking,&typing setting - Contacts",HKUDefaultUser:\SOFTWARE\Microsoft\InputPersonalization\TrainedDataStore,HarvestContacts,DWord,0
"Speech,inking,&typing setting - Privacy Policy",HKUDefaultUser:\SOFTWARE\Microsoft\Personalization\Settings,AcceptedPrivacyPolicy,DWord,0
Start Menu App Suggestions,HKUDefaultUser:\SOFTWARE\Microsoft\Windows\CurrentVersion\ContentDeliveryManager,SystemPaneSuggestionsEnabled,DWord,0
Sync Language,HKUDefaultUser:\SOFTWARE\Microsoft\Windows\CurrentVersion\SettingSync\Groups\Language,Enabled,DWord,0
Tablet Mode Auto Correction,HKUDefaultUser:\SOFTWARE\Microsoft\TabletTip\1.7,EnableAutocorrection,DWord,0
Tablet Mode Spell Checking,HKUDefaultUser:\SOFTWARE\Microsoft\TabletTip\1.7,EnableSpellchecking,DWord,0
Tablet Mode Taskbar Icons,HKUDefaultUser:\SOFTWARE\Microsoft\Windows\CurrentVersion\Explorer\Advanced,TaskbarAppsVisibleInTabletMode,DWord,1
Taskbar buttons,HKUDefaultUser:\SOFTWARE\Microsoft\Windows\CurrentVersion\Explorer\Advanced,TaskbarGlomLevel,DWord,2
Taskbar Navigation,HKUDefaultUser:\SOFTWARE\Microsoft\Windows\CurrentVersion\Explorer\Advanced,DontUsePowerShellOnWinX,DWord,1
Taskbar Search Box,HKUDefaultUser:\Software\Microsoft\Windows\CurrentVersion\Search,SearchboxTaskbarMode,DWord,0x0
Taskbar Size,HKUDefaultUser:\SOFTWARE\Microsoft\Windows\CurrentVersion\Explorer\Advanced,TaskbarSizeMove,DWord,0x0
Taskbar Small Icons,HKUDefaultUser:\SOFTWARE\Microsoft\Windows\CurrentVersion\Explorer\Advanced,TaskbarSmallIcons,DWord,1
Taskbar Task View Button,HKUDefaultUser:\SOFTWARE\Microsoft\Windows\CurrentVersion\Explorer\Advanced,ShowTaskViewButton,DWord,0
Temporary Internet Files to Non Persistent,HKUDefaultUser:\Software\Microsoft\Windows\CurrentVersion\Internet Settings\Cache,Persistent,DWord,0x0
Transparency Effects,HKUDefaultUser:\SOFTWARE\Microsoft\Windows\CurrentVersion\Themes\Personalize,EnableTransparency,DWord,0x00000000
Unified Store,HKUDefaultUser:\SOFTWARE\Microsoft\Unified Store,DataMigration,DWord,1
Unistore,HKUDefaultUser:\SOFTWARE\Microsoft\Unistore,StoreVersion,DWord,18
USB,HKUDefaultUser:\SOFTWARE\Microsoft\Shell\USB,NotifyOnUsbErrors,DWord,0
Visual Effects - Adjust for best performance,HKUDefaultUser:\Software\Microsoft\Windows\CurrentVersion\Explorer\VisualEffects,VisualFXSetting,DWord,0x2
Visual Effects - Animate windows when minimizing and maxmizing,HKUDefaultUser:\Control Panel\Desktop\WindowMetrics,MinAnimate,String,0x00000000
Visual Effects - Animations in the taskbar,HKUDefaultUser:\SOFTWARE\Microsoft\Windows\CurrentVersion\Explorer\Advanced,TaskbarAnimations,DWord,0x00000000
Visual Effects - Enable Peek,HKUDefaultUser:\SOFTWARE\Microsoft\Windows\DWM,EnableAeroPeek,DWord,0x00000000
Visual Effects - Save taskbar thumbnail previews,HKUDefaultUser:\SOFTWARE\Microsoft\Windows\DWM,AlwaysHibernateThumbnails,DWord,0x00000000
Visual Effects - Show translucent selection rectangle,HKUDefaultUser:\SOFTWARE\Microsoft\Windows\CurrentVersion\Explorer\Advanced,ListviewAlphaSelect,DWord,0x00000000
Visual Effects - Show window contents while dragging,HKUDefaultUser:\Control Panel\Desktop,DragFullWindows,String,0x00000000
Visual Effects - Smooth edges of screen fonts,HKUDefaultUser:\Control Panel\Desktop,FontSmoothing,String,0x00000000
Visual Effects - Use drop shadows for icon labels on the desktop,HKUDefaultUser:\SOFTWARE\Microsoft\Windows\CurrentVersion\Explorer\Advanced,ListviewShadow,DWord,0x00000000
Action Center,HKLM:\Software\Policies\Microsoft\Windows\Explorer,DisableNotificationCenter,DWord,0x00000001
Background Image,HKLM:\SOFTWARE\Policies\Microsoft\Windows\System,DisableLogonBackgroundImage,DWord,0x00000001
Background Layout Service - Disable,HKLM:\SOFTWARE\Microsoft\Windows\CurrentVersion\OptimalLayout,EnableAutoLayout,DWord,0
Boot Optimize Function,HKLM:\SOFTWARE\Microsoft\Dfrg\BootOptimizeFunction,Enable,String,N
CIFS Change Notifications,HKLM:\SOFTWARE\Microsoft\Windows\CurrentVersion\Policies\Explorer,NoRemoteRecursiveEvents,DWord,1
Computer Maintenance,HKLM:\SOFTWARE\Microsoft\Windows\ScheduledDiagnostics,EnabledExecution,DWord,0x0
Crash Control - Automatically Reboot - Enable,HKLM:\SYSTEM\CurrentControlSet\Control\CrashControl,AutoReboot,DWord,0x1
Crash Control - Sending alert - Disable,HKLM:\SYSTEM\CurrentControlSet\Control\CrashControl,SendAlert,DWord,0x0
Crash Control - Writing  event to the system log - Disable,HKLM:\SYSTEM\CurrentControlSet\Control\CrashControl,LogEvent,DWord,0x0
Creation of Crash Dump - Disable,HKLM:\SYSTEM\CurrentControlSet\Control\CrashControl,CrashDumpEnabled,DWord,0x0
Customer Experience Improvement Program - Disable,HKLM:\Software\Microsoft\SQMClient\Windows,CEIPEnable,DWord,0
Disk Timeout Value,HKLM:\SYSTEM\CurrentControlSet\services\Disk,TimeOutValue,DWord,60
First Login Animation,HKLM:\SOFTWARE\Microsoft\Windows\CurrentVersion\Policies\System,EnableFirstLogonAnimation,DWord,0
IE Wizard - Disable,HKLM:\SOFTWARE\Policies\Microsoft\Internet Explorer\Main,DisableFirstRunCustomize,DWord,0x1
Increase Service Startup Timeout,HKLM:\System\CurrentControlSet\Control,ServicesPipeTimeout,DWord,120000
IPv6 - Disable ,HKLM:\SYSTEM\CurrentControlSet\Services\Tcpip6\Parameters,DisabledComponents,DWord,0xff
Location based info in searches,HKLM:\SOFTWARE\Policies\Microsoft\Windows\Windows Search,AllowSearchToUseLocation,DWord,0x00000000
Lock Screen,HKLM:\SOFTWARE\Policies\Microsoft\Windows\Personalization,NoLockScreen,DWord,0x00000001
Notification Center,HKLM:\Software\Microsoft\Windows\CurrentVersion\ImmersiveShell,UseActionCenterExperience,DWord,0x00000000
Previous Versions Capability,HKLM:\SOFTWARE\Microsoft\Windows\CurrentVersion\Explorer,NoPreviousVersionsPage,DWord,0x00000001
Searching PC,HKLM:\SOFTWARE\Policies\Microsoft\Windows\Windows Search,ConnectedSearchUseWeb,DWord,0x00000000
Send Settings To Cloud,HKLM:\SOFTWARE\Policies\Microsoft\Windows\SettingSync,DisableSettingSync,DWord,0x00000002
Send Windows Updates,HKLM:\SOFTWARE\Microsoft\Windows\CurrentVersion\DeliveryOptimization\Config,DownloadMode,DWord,0x00000000
Sync Files To OneDrive,HKLM:\SOFTWARE\Policies\Microsoft\Windows\OneDrive,DisableFileSyncNGSC,DWord,0x00000001
Synchronizing Files,HKLM:\SOFTWARE\Policies\Microsoft\Windows\SettingSync,DisableSettingSyncUserOverride,DWord,0x00000001
Telemetry Collection,HKLM:\SOFTWARE\Policies\Microsoft\Windows\DataCollection,AllowTelemetry,DWord,0x00000000
Turn off hard disk after,HKLM:\SYSTEM\CurrentControlSet\Control\Power\PowerSettings\0012ee47-9041-4b5d-9b77-535fba8b1442\6738e2c4-e8a5-4a42-b16a-e040e769756e,Attributes,DWord,0x00000001
Web Search In Search Bar,HKLM:\SOFTWARE\Policies\Microsoft\Windows\Windows Search,DisableWebSearch,DWord,0x00000001
Windows Error Reports,HKLM:\SOFTWARE\Policies\Microsoft\Windows\Windows Error Reporting,DontSendAdditionalData,DWord,0x00000001
Windows Update - Disable,HKLM:\SOFTWARE\Policies\Microsoft\Windows\WindowsUpdate\AU,NoAutoUpdate,DWord,0x1
Adjust for best performance,HKCU:\Software\Microsoft\Windows\CurrentVersion\Explorer\VisualEffects,VisualFXSetting,DWord,0x2
Animate windows when minimizing and maxmizing,HKCU:\Control Panel\Desktop\WindowMetrics,MinAnimate,String,0x00000000
Animations in the taskbar,HKCU:\SOFTWARE\Microsoft\Windows\CurrentVersion\Explorer\Advanced,TaskbarAnimations,DWord,0x00000000
Enable Peek,HKCU:\SOFTWARE\Microsoft\Windows\DWM,EnableAeroPeek,DWord,0x00000000
Save taskbar thumbnail previews,HKCU:\SOFTWARE\Microsoft\Windows\DWM,AlwaysHibernateThumbnails,DWord,0x00000000
Show translucent selection rectangle,HKCU:\SOFTWARE\Microsoft\Windows\CurrentVersion\Explorer\Advanced,ListviewAlphaSelect,DWord,0x00000000
Show window contents while dragging,HKCU:\Control Panel\Desktop,DragFullWindows,String,0x00000000
Smooth edges of screen fonts,HKCU:\Control Panel\Desktop,FontSmoothing,String,0x00000000
Use drop shadows for icon labels on the desktop,HKCU:\SOFTWARE\Microsoft\Windows\CurrentVersion\Explorer\Advanced,ListviewShadow,DWord,0x00000000
Animate windows when minimizing and maxmizing,HKLM:\SOFTWARE\Microsoft\Windows\CurrentVersion\Explorer\VisualEffects\AnimateMinMax,DefaultValue,DWord,0x00000000
Animations in the taskbar,HKLM:\SOFTWARE\Microsoft\Windows\CurrentVersion\Explorer\VisualEffects\TaskbarAnimations,DefaultValue,DWord,0x00000000
Enable Peek,HKLM:\SOFTWARE\Microsoft\Windows\CurrentVersion\Explorer\VisualEffects\DWMAeroPeekEnabled,DefaultValue,DWord,0x00000000
Save taskbar thumbnail previews,HKLM:\SOFTWARE\Microsoft\Windows\CurrentVersion\Explorer\VisualEffects\DWMSaveThumbnailEnabled,DefaultValue,DWord,0x00000000
Show translucent selection rectangle,HKLM:\SOFTWARE\Microsoft\Windows\CurrentVersion\Explorer\VisualEffects\ListviewAlphaSelect,DefaultValue,DWord,0x00000000
Show window contents while dragging,HKLM:\SOFTWARE\Microsoft\Windows\CurrentVersion\Explorer\VisualEffects\DragFullWindows,DefaultValue,DWord,0x00000000
Smooth edges of screen fonts,HKLM:\SOFTWARE\Microsoft\Windows\CurrentVersion\Explorer\VisualEffects\FontSmoothing,DefaultValue,DWord,0x00000001
Use drop shadows for icon labels on the desktop,HKLM:\SOFTWARE\Microsoft\Windows\CurrentVersion\Explorer\VisualEffects\ListviewShadow,DefaultValue,DWord,0x00000000
Windows Store,HKLM:\SOFTWARE\Policies\Microsoft\WindowsStore,RemoveWindowsStore,DWord,0x1
EnableLUA,HKLM:\SOFTWARE\Microsoft\Windows\CurrentVersion\Policies\System,EnableLUA,DWord,0x1
ConsentPromptBehaviorAdmin,HKLM:\SOFTWARE\Microsoft\Windows\CurrentVersion\Policies\System,ConsentPromptBehaviorAdmin,DWord,0x0
ConsentPromptBehaviorUser,HKLM:\SOFTWARE\Microsoft\Windows\CurrentVersion\Policies\System,ConsentPromptBehaviorUser,DWord,0x0
CPU Unpark,HKLM:\SYSTEM\CurrentControlSet\Control\Power\PowerSettings\54533251-82be-4824-96c1-47b60b740d00\0cc5b647-c1df-4637-891a-dec35c318583,ValueMax,DWord,0
Disable Windows Defender,HKLM:\SOFTWARE\Policies\Microsoft\Windows Defender,DisableAntiSpyware,DWord,1
Disable Task Task Scheduler,HKLM:\SYSTEM\CurrentControlSet\Services\Schedule,Start,DWord,4
Disable Task Touch Keyboard and Handwriting Panel Service,HKLM:\SYSTEM\CurrentControlSet\Services\TabletInputService,Start,DWord,4
Disable Connected Devices Platform Service,HKLM:\SYSTEM\CurrentControlSet\Services\CDPUserSvc,Start,DWord,4
Disable Update Orchestrator Service,HKLM:\SYSTEM\CurrentControlSet\Services\UsoSvc,Start,DWord,4
ByPass Privacy Settings,HKLM:\SOFTWARE\Policies\Microsoft\Windows\OOBE,DisablePrivacyExperience,DWord,1
Run CFTMon.exe in Run,HKUDefaultUser:\Software\Microsoft\Windows\CurrentVersion\Run,StartCTF,String,"C:\Windows\System32\ctfmon.exe"
Restart Explorer Once,HKUDefaultUser:\Software\Microsoft\Windows\CurrentVersion\RunOnce,RestartExplorer,String,"C:\Windows\System32\cmd.exe" /c powershell Stop-Process -Name "explorer"